id,category_id,subcategory_id,name,manufacturer,model,total_quantity,available_quantity,is_set,set_description,description,specifications,notes,image_url,thumbnail_url,additional_images,status,created_at,updated_at,category,sub_category,sort_order,is_group_print
00f6b7f5-6ca4-45de-83ca-a906aee93ebc,monitor,,"SEETEC 17""",SEETEC,,1,1,false,,,{},,https://oxxtmvcfhfmpobjcjugw.supabase.co/storage/v1/object/public/equipment-images/SEETEC%2017%20inch.jpg,,[],available,2026-01-05 14:44:53.385774+00,2026-01-05 14:44:53.385774+00,MONITOR,MONITOR,24,false
011c0ca0-852a-42c9-ada0-7ac770d6f771,etc,,Handheld Grip,WOODEN CAMERA,,4,4,false,,,{},,https://oxxtmvcfhfmpobjcjugw.supabase.co/storage/v1/object/public/equipment-images/WOODEN%20CAMERA_Handheld%20rig.jpg,,[],available,2026-01-05 14:44:53.385774+00,2026-01-05 14:44:53.385774+00,TRIPOD GRIP,GRIP,13,false
050d5a6d-e296-49bc-920d-981bd5eed94d,accessory,,Polarizer 4x5.65,TIFFEN,,3,3,false,,,{},,,,[],available,2026-01-05 14:44:53.385774+00,2026-01-05 14:44:53.385774+00,ACC,FILTER,999,false
05fc6ad1-0ceb-4ee0-b727-a54fd789336e,etc,,Blower Fan TIP-200S,INNOTECH,,1,1,false,,,{},,,,[],available,2026-01-05 14:44:53.385774+00,2026-01-05 14:44:53.385774+00,ACC,ETC,999,false
069c37f2-0db9-4bda-9b6f-cd57d6c34649,battery,,DV Battery Charger 1ch,,,3,3,false,,,{},,,,[],available,2026-01-05 14:44:53.385774+00,2026-01-05 14:44:53.385774+00,ACC,BATTERY,999,false
075c295c-ba58-408c-b7a8-676b3e09a40d,grip,,Dolly Set,MATTHEWS,,1,1,false,,,{},,https://oxxtmvcfhfmpobjcjugw.supabase.co/storage/v1/object/public/equipment-images/MATTHEWS_Dolly%20set.jpg,,[],available,2026-01-05 14:44:53.385774+00,2026-01-05 14:44:53.385774+00,TRIPOD GRIP,GRIP,14,false
08b54669-70ca-4fb5-9191-537023e0b19e,etc,,HDMI Cable 1m,,,4,4,false,,,{},,https://oxxtmvcfhfmpobjcjugw.supabase.co/storage/v1/object/public/equipment-images/HDMI%2010m.jpg,,[],available,2026-01-05 14:44:53.385774+00,2026-01-05 14:44:53.385774+00,MONITOR,ACC,28,true
0bf12006-ec89-4da4-9f86-5c04322f0350,etc,,HDMI Cable 10m,,,4,4,false,,,{},,https://oxxtmvcfhfmpobjcjugw.supabase.co/storage/v1/object/public/equipment-images/HDMI%201m.jpg,,[],available,2026-01-05 14:44:53.385774+00,2026-01-05 14:44:53.385774+00,MONITOR,ACC,31,true
0d78cd41-ab96-454e-96a4-3fd63c64034c,sound,,ZOOM F3,ZOOM,,2,2,false,,,{},,,,[],available,2026-01-05 14:44:53.385774+00,2026-01-05 14:44:53.385774+00,AUDIO,RECORDER,999,false
0e16d391-53a5-4593-9a5c-8d96b907c466,sound,,E-IMAGE Boompole,E-IMAGE,,8,8,false,,,{},,,,[],available,2026-01-05 14:44:53.385774+00,2026-01-05 14:44:53.385774+00,AUDIO,MIC,999,false
0fec2ee5-4ac0-403c-8c75-aafaba5fb863,sound,,RODE Link (Rx Tx Set),RODE,,11,11,false,,,{},,,,[],available,2026-01-05 14:44:53.385774+00,2026-01-05 14:44:53.385774+00,AUDIO,MIC,999,false
11d29675-7cbc-4e89-9408-df66ccff87f3,accessory,,CFexpress A 160G,SONY,,4,4,false,,,{},,,,[],available,2026-01-05 14:44:53.385774+00,2026-01-05 14:44:53.385774+00,,,999,false
18cfa19d-311d-427c-b3ff-8b4270dbd658,etc,,SDI Cable 35m,,,7,7,false,,,{},,,,[],available,2026-01-05 14:44:53.385774+00,2026-01-05 14:44:53.385774+00,,ACC,30,false
1b6fd291-48ff-4d30-961e-236caca5def8,lighting,,Bi-Flex 100,ALADDIN,,2,2,false,,,{},,https://oxxtmvcfhfmpobjcjugw.supabase.co/storage/v1/object/public/equipment-images/Bi-Flex%20100.png,,[],available,2026-01-05 14:44:53.385774+00,2026-01-05 14:44:53.385774+00,LIGHTING,LIGHT,35,false
1ded84f7-ec9b-4458-8f8a-95ab20590ff9,accessory,,CFexpress A Reader USB3.2,LEXAR,,2,2,false,,,{},,,,[],available,2026-01-05 14:44:53.385774+00,2026-01-05 14:44:53.385774+00,,,999,false
1f83d01b-1bb4-4082-a2b1-0bcaa7db5eee,accessory,,CFast2.0 Reader USB3.0,,,5,5,false,,,{},,,,[],available,2026-01-05 14:44:53.385774+00,2026-01-05 14:44:53.385774+00,,,999,false
2253ae05-1f72-4b38-92bd-b3258010cd44,lens,,EF to E IV Mount Adapter,METABONES,,2,2,false,,(FX3) E 마운트 to EF 마운트,{},,https://oxxtmvcfhfmpobjcjugw.supabase.co/storage/v1/object/public/equipment-images/METABONES%20EF%20to%20E.jpg,,[],available,2026-01-05 14:44:53.385774+00,2026-01-05 14:44:53.385774+00,LENS,Adapter,6,false
25d5c2f4-8232-4c63-92b3-4343dc9d01d0,grip,,Gaffer Grip Small,,,5,5,false,,,{},,,,[],available,2026-01-05 14:44:53.385774+00,2026-01-05 14:44:53.385774+00,LIGHTING,ACC,999,false
267e2b23-ec7b-4dad-98a9-345326696d39,battery,,V-Mount GENTREE 390W,GENTREE,,1,1,false,,,{},,,,[],available,2026-01-05 14:44:53.385774+00,2026-01-05 14:44:53.385774+00,ACC,BATTERY,999,true
282494f3-5b69-478d-891b-81c1be8679a5,grip,,A-Stand,,,13,13,false,,,{},,https://oxxtmvcfhfmpobjcjugw.supabase.co/storage/v1/object/public/equipment-images/A-Stand.png,,[],available,2026-01-05 14:44:53.385774+00,2026-01-05 14:44:53.385774+00,LIGHTING,STAND,45,true
2a86ccc0-ff51-4080-be09-13cdaed5f4b0,battery,,V-Mount BEILLEN 190W,BEILLEN,,1,1,false,,,{},,,,[],available,2026-01-05 14:44:53.385774+00,2026-01-05 14:44:53.385774+00,ACC,BATTERY,999,false
2c93af3d-2ae6-4683-a773-e5c1963b6c21,battery,,V-Mount BEILLEN 230W/190W,BEILLEN,,10,10,false,,,{},,,,[],available,2026-01-05 14:44:53.385774+00,2026-01-05 14:44:53.385774+00,ACC,BATTERY,999,false
2ca8d858-3bbb-413e-a1d1-91a02494160c,lighting,,APUTURE 400X,APUTURE,,3,3,false,,,{},,https://oxxtmvcfhfmpobjcjugw.supabase.co/storage/v1/object/public/equipment-images/APUTURE%20STOME%20400X.jpg,,[],available,2026-01-07 08:46:29.598971+00,2026-01-07 08:46:29.598971+00,LIGHTING,LIGHT,33,false
2f54e906-69ca-4756-855c-b58100fd444a,grip,,French Flag,,,1,1,false,,,{},,,,[],available,2026-01-05 14:44:53.385774+00,2026-01-05 14:44:53.385774+00,ACC,ETC,999,false
33096f19-875b-44e9-9942-8b456cd9878d,sound,,XLR Cable 10m,,,15,15,false,,,{},,,,[],available,2026-01-05 14:44:53.385774+00,2026-01-05 14:44:53.385774+00,AUDIO,ACC,999,false
348970ef-de1b-4753-876c-032af18c2404,etc,,SDI Cable 10m,,,21,21,false,,,{},,https://oxxtmvcfhfmpobjcjugw.supabase.co/storage/v1/object/public/equipment-images/SDI%2010m.jpg,,[],available,2026-01-05 14:44:53.385774+00,2026-01-05 14:44:53.385774+00,MONITOR,ACC,29,true
349ddf72-9178-4ec2-bb72-40fda08116c5,grip,,OZEN Agile 18,OZEN,,5,5,false,,"100mm 볼, 최대 페이로드 20kg",{},,https://oxxtmvcfhfmpobjcjugw.supabase.co/storage/v1/object/public/equipment-images/OZEN%20Agile%2018.png,,[],available,2026-01-05 14:44:53.385774+00,2026-01-05 14:44:53.385774+00,TRIPOD GRIP,TRIPOD,11,false
37dc6c00-c25f-443c-a295-71d247e38f38,etc,,Tape Measure 30m,,,3,3,false,,,{},,,,[],available,2026-01-05 14:44:53.385774+00,2026-01-05 14:44:53.385774+00,,,999,false
3cb99f37-f954-49eb-8f98-20b498e7ab2f,lighting,,Amaran F21C,APUTURE,,3,3,false,,,{},,https://oxxtmvcfhfmpobjcjugw.supabase.co/storage/v1/object/public/equipment-images/AMARAN%20F21C.jpg,,[],available,2026-01-05 14:44:53.385774+00,2026-01-05 14:44:53.385774+00,LIGHTING,LIGHT,34,false
3cc8c0fd-c030-466f-a1e3-238cd30cbb07,lens,,EF ZOOM 100-400,CANON,,1,1,false,,,{},,https://oxxtmvcfhfmpobjcjugw.supabase.co/storage/v1/object/public/equipment-images/CANON%20100-400%20ef.jpg,,[],available,2026-01-05 14:44:53.385774+00,2026-01-05 14:44:53.385774+00,LENS,ZOOM LENS,5,false
4092801a-fc62-4073-9a29-6c1724338ee5,etc,,간이 카트,,,2,2,false,,,{},,,,[],available,2026-01-05 14:44:53.385774+00,2026-01-05 14:44:53.385774+00,ACC,ETC,999,false
419d8bff-e875-427e-b042-ca7f40c956f9,grip,,COMBO Stand 3단,MATTHEWS,,5,5,false,,,{},,https://oxxtmvcfhfmpobjcjugw.supabase.co/storage/v1/object/public/equipment-images/MATTHEWS%20COMBO%20Stand.jpg,,[],available,2026-01-05 14:44:53.385774+00,2026-01-05 14:44:53.385774+00,LIGHTING,STAND,44,true
43d6998a-ced1-4539-ad79-c960b7b4d7af,grip,,SCRIM Set Large,,,6,6,false,,,{},,,,[],available,2026-01-05 14:44:53.385774+00,2026-01-05 14:44:53.385774+00,LIGHTING,ACC,999,false
4531a26f-089e-438f-baa3-ec1088e8f2a4,grip,,Video15 SB,SACHTLER,,1,1,false,,"100mm 볼, 최대 페이로드 16kg",{},,https://oxxtmvcfhfmpobjcjugw.supabase.co/storage/v1/object/public/equipment-images/SACHTLER%20Video15SB.jpg,,[],available,2026-01-05 14:44:53.385774+00,2026-01-05 14:44:53.385774+00,TRIPOD GRIP,TRIPOD,12,false
453985e0-0734-4f67-b40a-13286ff13545,etc,,MacBook Pro 15 Retina,APPLE,,4,4,false,,,{},,,,[],available,2026-01-05 14:44:53.385774+00,2026-01-05 14:44:53.385774+00,ACC,ETC,999,false
4789782b-a2ad-448e-bf6c-e8f5be3250c8,grip,,Gaffer Grip Large,,,5,5,false,,,{},,https://oxxtmvcfhfmpobjcjugw.supabase.co/storage/v1/object/public/equipment-images/Gaffer%20Grip%20Large.jpg,,[],available,2026-01-05 14:44:53.385774+00,2026-01-05 14:44:53.385774+00,TRIPOD GRIP,GRIP,999,false
4840deb2-3b73-4c09-83af-4c99fa27c0b9,sound,,RODE Boompole Pro,RODE,,1,1,false,,,{},,,,[],available,2026-01-05 14:44:53.385774+00,2026-01-05 14:44:53.385774+00,AUDIO,MIC,999,false
4886f60c-f484-4b07-aa86-c0e58023e767,accessory,,Black Pro-mist 1/2,TIFFEN,,1,1,false,,,{},,,,[],available,2026-01-05 14:44:53.385774+00,2026-01-05 14:44:53.385774+00,ACC,FILTER,999,false
49c357af-6933-41dd-abe1-74cfbfcddfda,monitor,,"TV LOGIC 17""",TV LOGIC,,1,1,false,,,{},,https://oxxtmvcfhfmpobjcjugw.supabase.co/storage/v1/object/public/equipment-images/TVLOGIC%20173W.jpg,,[],available,2026-01-05 14:44:53.385774+00,2026-01-05 14:44:53.385774+00,MONITOR,MONITOR,23,false
4b1b23a2-f2c1-49e5-ab4f-63992fa11301,grip,,SCRIM Set Small,,,6,6,false,,,{},,,,[],available,2026-01-05 14:44:53.385774+00,2026-01-05 14:44:53.385774+00,LIGHTING,ACC,999,false
4d7ebb94-fbc8-4363-98d9-f537e627b187,accessory,,Black Pro-mist 1,TIFFEN,,1,1,false,,,{},,,,[],available,2026-01-05 14:44:53.385774+00,2026-01-05 14:44:53.385774+00,ACC,FILTER,999,false
501c4e73-a3d0-4a17-b9f8-f3ac36d83d78,grip,,Ball Head Vacuum Cup,MATTHEWS,,1,1,false,,,{},,https://oxxtmvcfhfmpobjcjugw.supabase.co/storage/v1/object/public/equipment-images/Ball%20Head%20Vacuum%20Cup.jpg,,[],available,2026-01-05 14:44:53.385774+00,2026-01-05 14:44:53.385774+00,TRIPOD GRIP,GRIP,999,false
54b8b4f2-aff6-40b7-b996-790e447447eb,battery,,V-Mount Charger 4ch,,,2,2,false,,,{},,,,[],available,2026-01-05 14:44:53.385774+00,2026-01-05 14:44:53.385774+00,ACC,BATTERY,999,false
5507fbe1-559d-44ba-a274-6a242b5868ef,etc,,HDMI to Mini,,,5,5,false,,,{},,,,[],available,2026-01-05 14:44:53.385774+00,2026-01-05 14:44:53.385774+00,ACC,ETC,999,false
55a69615-1252-44f3-a3f0-df5af6bc2b47,grip,,C-Stand (Turtle),AVENGER,,36,36,false,,,{},,https://oxxtmvcfhfmpobjcjugw.supabase.co/storage/v1/object/public/equipment-images/AVENGER%20C-Stand.jpg,,[],available,2026-01-05 14:44:53.385774+00,2026-01-05 14:44:53.385774+00,LIGHTING,STAND,41,true
55ed10ee-39a0-4eca-92c1-3f7066ade185,sound,,ZOOM F4,ZOOM,,1,1,false,,,{},,,,[],available,2026-01-05 14:44:53.385774+00,2026-01-05 14:44:53.385774+00,AUDIO,RECORDER,999,false
56302847-cabe-40ac-b676-f78c77d6ccac,battery,,V-Mount FXLION 250W,FXLION,,4,4,false,,,{},,,,[],available,2026-01-05 14:44:53.385774+00,2026-01-05 14:44:53.385774+00,ACC,BATTERY,999,false
5966b4ee-ad9e-44bd-846e-c5c9477076df,grip,,12x12 Unbleached Muslin,,,1,1,false,,,{},,,,[],available,2026-01-05 14:44:53.385774+00,2026-01-05 14:44:53.385774+00,LIGHTING,ACC,999,false
5b1e0120-6439-450c-8fcc-d3be5bea72a4,etc,,Cable Adapter / L-Shape,,,27,27,false,,,{},,,,[],available,2026-01-05 14:44:53.385774+00,2026-01-05 14:44:53.385774+00,,,999,false
5b555ada-0dc7-4dbd-987f-6a3a0d91dfa9,grip,,Mafer Clamp (Super Clamp),,,10,10,false,,,{},,https://oxxtmvcfhfmpobjcjugw.supabase.co/storage/v1/object/public/equipment-images/Mafer%20Clamp%20(Super%20Clamp).jpg,,[],available,2026-01-05 14:44:53.385774+00,2026-01-05 14:44:53.385774+00,TRIPOD GRIP,GRIP,999,false
5b5d8064-0a71-4395-a1d2-ec9532eed241,lighting,,Tungsten 300W,FILMGEAR,,2,2,false,,,{},,https://oxxtmvcfhfmpobjcjugw.supabase.co/storage/v1/object/public/equipment-images/FILMGEAR%20FILMGEAR%20Tungsten%20300W.jpg,,[],available,2026-01-05 14:44:53.385774+00,2026-01-05 14:44:53.385774+00,LIGHTING,LIGHT,39,false
5f2d137a-6340-4de6-a4b2-b8de7d5c4963,battery,,V-Mount GENTREE 290W,GENTREE,,10,10,false,,,{},,,,[],available,2026-01-05 14:44:53.385774+00,2026-01-05 14:44:53.385774+00,ACC,BATTERY,999,false
5f60e2f2-85b0-4877-aef7-3ee3ac531930,sound,,MKE 600,SENNHEISER,,7,7,false,,,{},,,,[],available,2026-01-05 14:44:53.385774+00,2026-01-05 14:44:53.385774+00,AUDIO,MIC,999,false
631123f7-972d-4afc-9b63-fbc78b533a04,sound,,NTG-5,RODE,,0,0,false,,,{},,,,[],available,2026-01-05 14:44:53.385774+00,2026-01-05 14:44:53.385774+00,AUDIO,MIC,999,false
66d4b0d3-403b-4f24-b89d-51e58b6a52ba,etc,,촬영 카트,,,2,2,false,,,{},,,,[],available,2026-01-05 14:44:53.385774+00,2026-01-05 14:44:53.385774+00,ACC,ETC,999,false
67a3e0b4-0037-4d2d-9499-8cba477c9e13,lighting,,F10 Fresnel,APUTURE,,1,1,false,,,{},,,,[],available,2026-01-05 14:44:53.385774+00,2026-01-05 14:44:53.385774+00,LIGHTING,ACC,999,false
6e49f447-ff88-44f8-8a0f-217f3cfd6bd4,sound,,RODE Blimp,RODE,,1,1,false,,,{},,,,[],available,2026-01-05 14:44:53.385774+00,2026-01-05 14:44:53.385774+00,AUDIO,MIC,999,false
6e548496-063e-4746-8d0c-b558b6e53962,sound,,Wireless Go,RODE,,4,4,false,,,{},,,,[],available,2026-01-05 14:44:53.385774+00,2026-01-05 14:44:53.385774+00,AUDIO,MIC,999,false
72b01855-630c-4d2a-88ed-a7331ddc2aac,etc,,Extension Cord 10m,,,12,12,false,,,{},,,,[],available,2026-01-05 14:44:53.385774+00,2026-01-05 14:44:53.385774+00,ACC,ETC,999,false
762f184f-27ce-495e-b591-d88ea96bc433,grip,,12x12 Griff Black & White,,,1,1,false,,,{},,,,[],available,2026-01-05 14:44:53.385774+00,2026-01-05 14:44:53.385774+00,LIGHTING,ACC,999,false
76380bcd-7c0d-4d74-9bc5-6cd7f5d91b0d,grip,,OZEN Agile 20,OZEN,,1,1,false,,"100mm 볼, 최대 페이로드 28kg",{},,https://oxxtmvcfhfmpobjcjugw.supabase.co/storage/v1/object/public/equipment-images/OZEN%20Agile%2020.jpg,,[],available,2026-01-08 05:42:26.515105+00,2026-01-08 05:42:26.515105+00,TRIPOD GRIP,TRIPOD,10,false
797b3570-766f-4061-9c9c-b9d8cb6996c1,etc,,Ladder 2-step,,,4,4,false,,,{},,,,[],available,2026-01-05 14:44:53.385774+00,2026-01-05 14:44:53.385774+00,ACC,ETC,999,false
7c15bb43-ef02-4700-8da5-7edfb93f3b05,sound,,RYCOTE Super Blimp,RYCOTE,,6,6,false,,,{},,,,[],available,2026-01-05 14:44:53.385774+00,2026-01-05 14:44:53.385774+00,AUDIO,MIC,999,false
7fbaca1d-f4b3-4d12-b652-78429ba43fe4,accessory,,Ultra Contrast 1,TIFFEN,,1,1,false,,,{},,,,[],available,2026-01-05 14:44:53.385774+00,2026-01-05 14:44:53.385774+00,ACC,FILTER,999,false
83cc59f9-4c76-405c-9d5e-8fcef4b45cf9,monitor,,Pyro7,HOLLYLAND,,1,1,false,,,{},,https://oxxtmvcfhfmpobjcjugw.supabase.co/storage/v1/object/public/equipment-images/HOLLYLAND%20PYRO%207.jpg,,[],available,2026-01-05 14:44:53.385774+00,2026-01-05 14:44:53.385774+00,MONITOR,MONITOR,21,false
8d1a2d32-f39b-4816-8f9a-69f557653e58,camera,,Alexa Mini Set,ARRI,,4,4,false,,"ARRI ALEXA MINI BODY, MVF-1, 19mm rod * 2, D-BOX, Sliding Base, CF 128 * 2, Reader",{},,https://oxxtmvcfhfmpobjcjugw.supabase.co/storage/v1/object/public/equipment-images/ARRI%20ALEXA%20MINI.jpg,,[],available,2026-01-05 14:44:53.385774+00,2026-01-05 14:44:53.385774+00,CAMERA,ARRI,1,false
8d4147cf-2f51-4dca-b0c0-f7d193488700,etc,,MacBook Pro 13 Retina,APPLE,,1,1,false,,,{},,,,[],available,2026-01-05 14:44:53.385774+00,2026-01-05 14:44:53.385774+00,ACC,ETC,999,false
8e0848c2-27b4-4b48-bf8b-03306d6cf9a2,monitor,,LUT6,FEELWORLD,,1,1,false,,,{},,https://oxxtmvcfhfmpobjcjugw.supabase.co/storage/v1/object/public/equipment-images/FEELWORLD%20LUT6.jpg,,[],available,2026-01-05 14:44:53.385774+00,2026-01-05 14:44:53.385774+00,MONITOR,MONITOR,22,false
8f3e02f8-0457-4b0c-8d51-0d06c60478f7,lighting,,Bi-Flex 50 (구형),ALADDIN,,2,2,false,,,{},,https://oxxtmvcfhfmpobjcjugw.supabase.co/storage/v1/object/public/equipment-images/All-In%2050.png,,[],available,2026-01-05 14:44:53.385774+00,2026-01-05 14:44:53.385774+00,LIGHTING,LIGHT,37,false
907e35dc-a6cc-46bf-8b7c-afeef6db77f7,accessory,,MB-T15 (Lens Clamp),TILTA,,1,1,false,,,{},,,,[],available,2026-01-05 14:44:53.385774+00,2026-01-05 14:44:53.385774+00,ACC,FOCUS·MATTEBOX,999,false
9799bccf-4ac9-4c61-b88d-08965931814f,accessory,,SDXC 64GB,SANDISK,,12,12,false,,,{},,,,[],available,2026-01-05 14:44:53.385774+00,2026-01-05 14:44:53.385774+00,,,999,false
98aff337-165b-45a8-a97d-49c31b5b6f1a,grip,,MINI Tripod,,,3,3,false,,,{},,https://oxxtmvcfhfmpobjcjugw.supabase.co/storage/v1/object/public/equipment-images/mini%20tripod.jpg,,[],available,2026-01-05 14:44:53.385774+00,2026-01-05 14:44:53.385774+00,TRIPOD GRIP,TRIPOD,15,false
9a9f63dd-32fa-4343-a627-4b4d1c27d930,lighting,,APUTURE LS 600C Pro II,APUTURE,,1,1,false,,,{},,https://oxxtmvcfhfmpobjcjugw.supabase.co/storage/v1/object/public/equipment-images/APUTURE%20600C%20PRO%20II.png,,[],available,2026-01-05 14:44:53.385774+00,2026-01-05 14:44:53.385774+00,LIGHTING,LIGHT,31,false
9e77e0b6-eb83-494c-9123-f32f7f981070,lighting,,Tungsten 650W,FILMGEAR,,3,3,false,,,{},,https://oxxtmvcfhfmpobjcjugw.supabase.co/storage/v1/object/public/equipment-images/FILMGEAR%20Tungsten%20650W.jpg,,[],available,2026-01-05 14:44:53.385774+00,2026-01-05 14:44:53.385774+00,LIGHTING,LIGHT,999,false
9ed35350-7f75-4472-91fb-84b0fec4402b,grip,,SMALLRIG 3989,SMALLRIG,,1,1,false,,,{},,https://oxxtmvcfhfmpobjcjugw.supabase.co/storage/v1/object/public/equipment-images/SMALLRIG%203989.JPG,,[],available,2026-01-05 14:44:53.385774+00,2026-01-05 14:44:53.385774+00,TRIPOD GRIP,TRIPOD,999,false
9f51134a-d78b-4b80-a6dd-bc375363dd26,grip,,A-Combo Stand,AVENGER,,5,5,false,,,{},,https://oxxtmvcfhfmpobjcjugw.supabase.co/storage/v1/object/public/equipment-images/A-Combo%20Stand.jpg,,[],available,2026-01-05 14:44:53.385774+00,2026-01-05 14:44:53.385774+00,LIGHTING,STAND,43,true
a0e810a5-6eb7-4ffa-b659-4f4edebb9b32,battery,,Sony F770,SONY,,6,6,false,,,{},,,,[],available,2026-01-05 14:44:53.385774+00,2026-01-05 14:44:53.385774+00,ACC,BATTERY,999,false
a22c4c84-ce28-4d19-9ce4-993d89f3fc95,lens,,SAMYANG VDSLR Set,SAMYANG,,3,3,false,,"14, 24, 35, 50, 85, 135 (6 set)",{},,https://oxxtmvcfhfmpobjcjugw.supabase.co/storage/v1/object/public/equipment-images/SAMYANG%20VDSLR%20mk1.jpg,,[],available,2026-01-05 14:44:53.385774+00,2026-01-05 14:44:53.385774+00,LENS,PRIME LENS,2,false
a3ac2e18-d4c7-4bb1-a276-5e7ac6a510a3,lighting,,All-In 50 (신형),ALADDIN,,2,2,false,,,{},,https://oxxtmvcfhfmpobjcjugw.supabase.co/storage/v1/object/public/equipment-images/All-In%2050.png,,[],available,2026-01-05 14:44:53.385774+00,2026-01-05 14:44:53.385774+00,LIGHTING,LIGHT,36,false
a4f62e9b-a440-46eb-949c-870d62b6c380,etc,,Extension Cord 30m,,,6,6,false,,,{},,,,[],available,2026-01-05 14:44:53.385774+00,2026-01-05 14:44:53.385774+00,ACC,ETC,999,false
a5111ba2-6068-48f3-8486-670fbb0a8a49,battery,,DV Battery Charger 2ch,,,1,1,false,,,{},,,,[],available,2026-01-05 14:44:53.385774+00,2026-01-05 14:44:53.385774+00,ACC,BATTERY,999,false
a538fbbf-5d51-4d0a-8e5f-664d1ea19abf,etc,,Blower Fan TIP-500S,INNOTECH,,1,1,false,,,{},,,,[],available,2026-01-05 14:44:53.385774+00,2026-01-05 14:44:53.385774+00,ACC,ETC,999,false
a5b0a6c3-e2dd-41f4-930a-123c6da282d9,lens,,CANON Cine Prime Set,CANON,,2,2,false,,"14, 24, 35, 50, 85, 135 (6 set)",{},,https://oxxtmvcfhfmpobjcjugw.supabase.co/storage/v1/object/public/equipment-images/CANON%20Cine%20Prime%20Lens%20Set.jpg,,[],available,2026-01-05 14:44:53.385774+00,2026-01-05 14:44:53.385774+00,LENS,PRIME LENS,1,false
a740a3fc-9bff-4524-9aae-699dbacd7ac1,etc,,Easyrig 3 850N,Easyrig,,1,1,false,,,{},,https://oxxtmvcfhfmpobjcjugw.supabase.co/storage/v1/object/public/equipment-images/Easyrig%203%20850N.jpg,,[],available,2026-01-05 14:44:53.385774+00,2026-01-05 14:44:53.385774+00,TRIPOD GRIP,GRIP,999,false
a766fc02-8fdb-45fa-a009-ce14d1708ad7,etc,,Gray Card / Color Chart,,,2,2,false,,,{},,,,[],available,2026-01-05 14:44:53.385774+00,2026-01-05 14:44:53.385774+00,ACC,ETC,999,false
a80f21e6-c9c5-4237-80b7-709126b32190,grip,,Apple Box Full,,,10,10,false,,,{},,,,[],available,2026-01-05 14:44:53.385774+00,2026-01-05 14:44:53.385774+00,ACC,ETC,999,false
a84afec4-14a3-4ad8-b426-9632e72c76a8,grip,,C-Stand (Sliding),MATTHEWS,,1,1,false,,,{},,https://oxxtmvcfhfmpobjcjugw.supabase.co/storage/v1/object/public/equipment-images/MATTHEWS%20C-Stand.jpg,,[],available,2026-01-05 14:44:53.385774+00,2026-01-05 14:44:53.385774+00,LIGHTING,STAND,42,false
ad21b306-7d76-46ea-a3e3-7aabb4d90dc6,etc,,수동 휠체어,,,1,1,false,,,{},,,,[],available,2026-01-05 14:44:53.385774+00,2026-01-05 14:44:53.385774+00,ACC,ETC,999,false
ad5997a0-6f50-4204-a58a-6e8524e07082,accessory,,SD 412 (Rod Clamp),CHROSZIEL,,2,2,false,,,{},,,,[],available,2026-01-05 14:44:53.385774+00,2026-01-05 14:44:53.385774+00,ACC,FOCUS·MATTEBOX,999,false
ad81d2bc-64ca-4518-94e2-1b708d87d870,grip,,4x4 Floppy,,,19,19,false,,,{},,,,[],available,2026-01-05 14:44:53.385774+00,2026-01-05 14:44:53.385774+00,LIGHTING,ACC,999,false
af1b119f-57da-4c15-a7e7-0483644c362f,accessory,,CFast2.0 128GB,SANDISK,,10,10,false,,,{},,,,[],available,2026-01-05 14:44:53.385774+00,2026-01-05 14:44:53.385774+00,,,999,false
b1c75b56-ec5c-43f7-9e0c-87bdd32d180d,grip,,"3"" Center Jaw",,,11,11,false,,,{},,https://oxxtmvcfhfmpobjcjugw.supabase.co/storage/v1/object/public/equipment-images/3_Center%20Jaw.jpg,,[],available,2026-01-05 14:44:53.385774+00,2026-01-05 14:44:53.385774+00,TRIPOD GRIP,GRIP,999,false
b460dc60-b59f-4a32-9c5f-279128a6a460,lighting,,RC220B,SMALLRIG,,9,9,false,,,{},,https://oxxtmvcfhfmpobjcjugw.supabase.co/storage/v1/object/public/equipment-images/SMALLRIG%20RC220B.jpg,,[],available,2026-01-05 14:44:53.385774+00,2026-01-05 14:44:53.385774+00,LIGHTING,LIGHT,38,false
b560f678-fbab-45cd-a43d-49b102de448d,battery,,V-Mount BEILLEN 160W,BEILLEN,,7,7,false,,,{},,,,[],available,2026-01-05 14:44:53.385774+00,2026-01-05 14:44:53.385774+00,ACC,BATTERY,999,false
b5ebf278-d853-4d9a-a3c0-707e4ff1ff7a,camera,,FX3 Set,SONY,,2,2,false,,,{},,https://oxxtmvcfhfmpobjcjugw.supabase.co/storage/v1/object/public/equipment-images/SONY%20FX3.jpeg,,[],available,2026-01-05 14:44:53.385774+00,2026-01-05 14:44:53.385774+00,CAMERA,SONY,2,false
b72073e1-8d3e-4ec6-bdfe-f350591464cd,lighting,,APUTURE LS 600D Pro,APUTURE,,2,2,false,,,{},,https://oxxtmvcfhfmpobjcjugw.supabase.co/storage/v1/object/public/equipment-images/APUTURE%20600D%20pro.png,,[],available,2026-01-05 14:44:53.385774+00,2026-01-05 14:44:53.385774+00,LIGHTING,LIGHT,32,false
b7b98945-ae8f-42c0-b37f-5e7cc4dc707c,etc,,SDI Cable 1m,,,12,12,false,,,{},,,,[],available,2026-01-05 14:44:53.385774+00,2026-01-05 14:44:53.385774+00,ACC,ETC,999,false
b9dcf507-76c9-4ea8-a5a6-274fcd5c5511,camera,,a7S2 Set,SONY,,1,1,false,,,{},,https://oxxtmvcfhfmpobjcjugw.supabase.co/storage/v1/object/public/equipment-images/SONY%20A7S2.jpg,,[],available,2026-01-05 14:44:53.385774+00,2026-01-05 14:44:53.385774+00,CAMERA,SONY,3,false
bba75ace-85e3-44ad-9e4d-1ea526f919f7,sound,,NTG-4+,RODE,,0,0,false,,,{},,,,[],available,2026-01-05 14:44:53.385774+00,2026-01-05 14:44:53.385774+00,AUDIO,MIC,999,false
bc543dc6-6b62-4611-bb29-332a7cc6e1af,grip,,HI-HAT,,,5,5,false,,,{},,https://oxxtmvcfhfmpobjcjugw.supabase.co/storage/v1/object/public/equipment-images/hi-hat.jpg,,[],available,2026-01-05 14:44:53.385774+00,2026-01-05 14:44:53.385774+00,TRIPOD GRIP,TRIPOD,17,false
becb3730-a69f-4060-b4bc-f9763f9551ae,lighting,,DLH-4 Spotlight,DEDOLIGHT,,4,4,false,,,{},,https://oxxtmvcfhfmpobjcjugw.supabase.co/storage/v1/object/public/equipment-images/DLH-4%20Spotlight.jpg,,[],available,2026-01-05 14:44:53.385774+00,2026-01-05 14:44:53.385774+00,LIGHTING,LIGHT,41,false
bedabc3d-15db-49c4-99f3-9e4a268d9578,grip,,Apple Box Quarter,,,11,11,false,,,{},,,,[],available,2026-01-05 14:44:53.385774+00,2026-01-05 14:44:53.385774+00,ACC,ETC,999,false
c17ff295-46ba-450b-af9e-f9680c15718b,etc,,핸드 카트,,,3,3,false,,,{},,,,[],available,2026-01-05 14:44:53.385774+00,2026-01-05 14:44:53.385774+00,ACC,ETC,999,false
c1f18f6b-d602-4ecf-8307-6071846a5f50,grip,,TV Clamp (C Clamp),,,1,1,false,,,{},,https://oxxtmvcfhfmpobjcjugw.supabase.co/storage/v1/object/public/equipment-images/TV%20Clamp%20(C%20Clamp).jpg,,[],available,2026-01-10 08:41:05.132201+00,2026-01-10 08:41:05.132201+00,TRIPOD GRIP,GRIP,999,true
c2a2247d-efc4-4299-a6ae-70e32a9827a1,etc,,HDMI to Micro,,,4,4,false,,,{},,,,[],available,2026-01-05 14:44:53.385774+00,2026-01-05 14:44:53.385774+00,AUDIO,MIC,999,false
c31aa040-b45d-4889-9c52-f68691c08e78,etc,,Tape Measure 10m,,,2,2,false,,,{},,,,[],available,2026-01-05 14:44:53.385774+00,2026-01-05 14:44:53.385774+00,ACC,ETC,999,false
c3ee6c63-f06d-4872-b743-39e913c3977d,accessory,,MB-T04 (Rod Clamp),TILTA,,1,1,false,,,{},,,,[],available,2026-01-05 14:44:53.385774+00,2026-01-05 14:44:53.385774+00,ACC,FOCUS·MATTEBOX,999,false
c58ca261-5114-4c99-ade2-e81614bcc2de,etc,,Multi D-Tap,,,9,9,false,,,{},,,,[],available,2026-01-05 14:44:53.385774+00,2026-01-05 14:44:53.385774+00,ACC,ETC,999,false
cedd2e5f-c0fb-4607-92f1-1c383e301a58,grip,,12x12 Artificial Silk,,,2,2,false,,,{},,,,[],available,2026-01-05 14:44:53.385774+00,2026-01-05 14:44:53.385774+00,LIGHTING,ACC,999,false
d0b73374-6f49-41a0-89f8-ce1345a11cfd,etc,,모래주머니,,,25,25,false,,,{},,https://oxxtmvcfhfmpobjcjugw.supabase.co/storage/v1/object/public/equipment-images/Sandbag.png,,[],available,2026-01-05 14:44:53.385774+00,2026-01-05 14:44:53.385774+00,LIGHTING,STAND,46,true
d264c33f-d21e-4ae2-b1d9-4742074733e4,grip,,12x12 Blue & Green,,,1,1,false,,,{},,,,[],available,2026-01-05 14:44:53.385774+00,2026-01-05 14:44:53.385774+00,LIGHTING,ACC,999,false
d35095db-4511-487d-82b2-9d68c0346abb,sound,,XLR Cable 30m,,,9,9,false,,,{},,,,[],available,2026-01-05 14:44:53.385774+00,2026-01-05 14:44:53.385774+00,AUDIO,,999,false
d3b94799-d742-458e-ae7c-15f0d0f0db8a,grip,,Safety Wire,,,19,19,false,,,{},,,,[],available,2026-01-05 14:44:53.385774+00,2026-01-05 14:44:53.385774+00,TRIPOD,GRIP,999,false
d4021db4-29e8-4854-997d-129e8d5240b7,lens,,100mm Macro,SAMYANG,,2,2,false,,,{},,https://oxxtmvcfhfmpobjcjugw.supabase.co/storage/v1/object/public/equipment-images/SAMYANG%20100mm%20Macro.jpg,,[],available,2026-01-05 14:44:53.385774+00,2026-01-05 14:44:53.385774+00,LENS,PRIME LENS,4,false
d4372d31-c054-44d5-ab87-0235f1a57680,grip,,BABY Tripod,,,2,2,false,,,{},,https://oxxtmvcfhfmpobjcjugw.supabase.co/storage/v1/object/public/equipment-images/baby%20tripod.jpg,,[],available,2026-01-05 14:44:53.385774+00,2026-01-05 14:44:53.385774+00,TRIPOD GRIP,TRIPOD,16,false
d556bbb6-fb34-4851-9a4c-c3e822637675,lighting,,Light Dome II,APUTURE,,2,2,false,,,{},,,,[],available,2026-01-05 14:44:53.385774+00,2026-01-05 14:44:53.385774+00,LIGHTING,ACC,999,false
d6242e5f-06a9-4f6f-a68d-32b37477ae9d,tripod,,SEEDER T-80,SEEDER,,1,1,false,,,{},,https://oxxtmvcfhfmpobjcjugw.supabase.co/storage/v1/object/public/equipment-images/SEEDER%20T-80.jpg,,[],available,2026-01-05 14:44:53.385774+00,2026-01-05 14:44:53.385774+00,TRIPOD GRIP,TIRPOD,999,false
d63b8d27-591c-49cd-b768-0c21231f3dc1,wireless,,Nucleus-M,TILTA,,2,2,false,,,{},,,,[],available,2026-01-05 14:44:53.385774+00,2026-01-05 14:44:53.385774+00,ACC,FOCUS·MATTEBOX,999,false
d6c2a03e-5e7c-4649-a55f-56632f5f6cb5,etc,,Slate,,,6,6,false,,,{},,,,[],available,2026-01-05 14:44:53.385774+00,2026-01-05 14:44:53.385774+00,ACC,ETC,999,false
db495cd9-0ed5-404f-8c03-da376fa734f1,grip,,12x12 Frame,,,2,2,false,,,{},,,,[],available,2026-01-05 14:44:53.385774+00,2026-01-05 14:44:53.385774+00,LIGHTING,ACC,999,false
db83f6f0-9634-432d-94f9-026374eee6fb,grip,,Apple Box Pancake,,,6,6,false,,,{},,,,[],available,2026-01-05 14:44:53.385774+00,2026-01-05 14:44:53.385774+00,ACC,ETC,999,false
e02dc5bf-6ce5-45ba-9d5d-e2cb9ebc601c,grip,,"6"" End Jaw",,,6,6,false,,,{},,https://oxxtmvcfhfmpobjcjugw.supabase.co/storage/v1/object/public/equipment-images/6_End%20Jaw.jpg,,[],available,2026-01-05 14:44:53.385774+00,2026-01-05 14:44:53.385774+00,TRIPOD GRIP,GRIP,999,false
e39575ae-8b3c-4843-8b0f-2154d5bf19bb,sound,,MDR-7506 Headphones,SONY,,10,10,false,,,{},,,,[],available,2026-01-05 14:44:53.385774+00,2026-01-05 14:44:53.385774+00,AUDIO,,999,false
e7dea71d-d6c6-4152-91a0-93dcba249ecc,grip,,4x4 Frame,,,20,20,false,,,{},,,,[],available,2026-01-05 14:44:53.385774+00,2026-01-05 14:44:53.385774+00,LIGHTING,ACC,999,false
e9f26cce-72ec-4b25-91cf-ca2662aab4e6,wireless,,DJI SDR Transmission,DJI,,1,1,false,,,{},,https://oxxtmvcfhfmpobjcjugw.supabase.co/storage/v1/object/public/equipment-images/DJI%20SDR.jpg,,[],available,2026-01-05 14:44:53.385774+00,2026-01-05 14:44:53.385774+00,MONITOR,VIDEO WIRELESS,25,false
eb256553-989d-4e1e-b634-b6ba963d55dd,etc,,SDI Cable 1m,,,3,3,false,,,{},,https://oxxtmvcfhfmpobjcjugw.supabase.co/storage/v1/object/public/equipment-images/SDI%201m.jpg,,[],available,2026-01-05 14:44:53.385774+00,2026-01-05 14:44:53.385774+00,MONITOR,ACC,27,true
ee6d8837-a046-4b11-a59f-db20758423be,accessory,,SD 412 (Lens Clamp),CHROSZIEL,,3,3,false,,,{},,,,[],available,2026-01-05 14:44:53.385774+00,2026-01-05 14:44:53.385774+00,ACC,FOCUS·MATTEBOX,999,false
f0906bdf-b5ed-44b2-b299-36041f494af2,monitor,,P7S,FEELWORLD,,0,0,false,,,{},,,,[],available,2026-01-05 14:44:53.385774+00,2026-01-05 14:44:53.385774+00,,,999,false
f432fcab-5e87-4e7d-8c1a-47450873c222,sound,,ZOOM H6,ZOOM,,1,1,false,,,{},,,,[],available,2026-01-05 14:44:53.385774+00,2026-01-05 14:44:53.385774+00,AUDIO,RECORDER,999,false
f4af1076-0d8b-44b0-884f-6e52711e59f2,lighting,,LedRama Bi-color,DEDOLIGHT,,2,2,false,,,{},,https://oxxtmvcfhfmpobjcjugw.supabase.co/storage/v1/object/public/equipment-images/LedRama%20Bi-color.jpg,,[],available,2026-01-05 14:44:53.385774+00,2026-01-05 14:44:53.385774+00,LIGHTING,LIGHT,40,false
f5f03fb1-a6b0-4c6f-84a8-4a1911d39a92,wireless,,Mars 400S Pro,HOLLYLAND,,3,3,false,,,{},,https://oxxtmvcfhfmpobjcjugw.supabase.co/storage/v1/object/public/equipment-images/HOLLYLAND%20MARS%20400S.png,,[],available,2026-01-05 14:44:53.385774+00,2026-01-05 14:44:53.385774+00,MONITOR,VIDEO WIRELESS,26,false
f731fa16-635e-4183-ae8c-ade5a28b2b05,battery,,Power Bank 20000mAh,,,6,6,false,,,{},,,,[],available,2026-01-05 14:44:53.385774+00,2026-01-05 14:44:53.385774+00,AUDIO,,999,false
f7e283f6-409e-4f70-8e7c-38748923487a,grip,,Apple Box Half,,,10,10,false,,,{},,,,[],available,2026-01-05 14:44:53.385774+00,2026-01-05 14:44:53.385774+00,ACC,ETC,999,false
fa3f8597-8aac-40c2-b2e3-dd87c583c3f3,battery,,V-Mount Charger 2ch,,,8,8,false,,,{},,,,[],available,2026-01-05 14:44:53.385774+00,2026-01-05 14:44:53.385774+00,ACC,BATTERY,999,false
fa670e44-0958-4b51-87d4-905f99ff3bf5,lens,,CN-E Zoom 30-105,CANON,,2,2,false,,"Zoom Pin, Lens Support",{},,https://oxxtmvcfhfmpobjcjugw.supabase.co/storage/v1/object/public/equipment-images/CANON%20CN-E30-105mm-T2.8-L-S.jpeg,,[],available,2026-01-05 14:44:53.385774+00,2026-01-05 14:44:53.385774+00,LENS,ZOOM LENS,3,false
fb4a6471-e020-48e3-b980-82790a0ba006,sound,,MIXPRE-3 II,Sound Devices,,4,4,false,,,{},,,,[],available,2026-01-05 14:44:53.385774+00,2026-01-05 14:44:53.385774+00,AUDIO,RECORDER,999,false
fb8ea360-0f97-49b3-ab02-8cba748f5f61,accessory,,Ultra Contrast 2,TIFFEN,,1,1,false,,,{},,,,[],available,2026-01-05 14:44:53.385774+00,2026-01-05 14:44:53.385774+00,ACC,FILTER,999,false
fe11b38b-79bb-4c0f-9a99-02f10d332912,sound,,RODE PG2 Shockmount,RODE,,5,5,false,,,{},,,,[],available,2026-01-05 14:44:53.385774+00,2026-01-05 14:44:53.385774+00,AUDIO,MIC,999,false
ff98ce5e-255b-467b-b7a4-7fc0dd6d9e77,etc,,Power Reel 50m,,,15,15,false,,,{},,,,[],available,2026-01-05 14:44:53.385774+00,2026-01-05 14:44:53.385774+00,ACC,ETC,999,false